Type,Payload
Console,Dataline 1 Console
File,Dataline 2 File
Console,Dataline 3 Console
Console,Dataline 4 Console
Console,Dataline 5 Console
File,Dataline 6 File
File,Dataline 7 File
Console,Dataline 8 Console
File,Dataline 9 File
Console,Dataline 10 Console
Console,Dataline 11 Console
Console,Dataline 12 Console
Console,Dataline 13 Console
File,Dataline 14 File
Console,Dataline 15 Console
Console,Dataline 16 Console
File,Dataline 17 File
Console,Dataline 18 Console
File,Dataline 19 File
File,Dataline 20 File
Console,Dataline 21 Console
File,Dataline 22 File
Console,Dataline 23 Console
Console,Dataline 24 Console
Console,Dataline 25 Console
Console,Dataline 26 Console
Console,Dataline 27 Console
File,Dataline 28 File
Console,Dataline 29 Console
Console,Dataline 30 Console
Console,Dataline 31 Console
File,Dataline 32 File
File,Dataline 33 File
Console,Dataline 34 Console
File,Dataline 35 File
File,Dataline 36 File
Console,Dataline 37 Console
File,Dataline 38 File
Console,Dataline 39 Console
Console,Dataline 40 Console
Console,Dataline 41 Console
Console,Dataline 42 Console
Console,Dataline 43 Console
File,Dataline 44 File
Console,Dataline 45 Console
Console,Dataline 46 Console
File,Dataline 47 File
File,Dataline 48 File
Console,Dataline 49 Console
Console,Dataline 50 Console
Console,Dataline 51 Console
Console,Dataline 52 Console
Console,Dataline 53 Console
File,Dataline 54 File
File,Dataline 55 File
Console,Dataline 56 Console
Console,Dataline 57 Console
File,Dataline 58 File
File,Dataline 59 File
Console,Dataline 60 Console
Console,Dataline 61 Console
Console,Dataline 62 Console
Console,Dataline 63 Console
Console,Dataline 64 Console
Console,Dataline 65 Console
Console,Dataline 66 Console
File,Dataline 67 File
Console,Dataline 68 Console
File,Dataline 69 File
Console,Dataline 70 Console
File,Dataline 71 File
File,Dataline 72 File
Console,Dataline 73 Console
Console,Dataline 74 Console
Console,Dataline 75 Console
Console,Dataline 76 Console
Console,Dataline 77 Console
Console,Dataline 78 Console
Console,Dataline 79 Console
File,Dataline 80 File
File,Dataline 81 File
Console,Dataline 82 Console
File,Dataline 83 File
Console,Dataline 84 Console
Console,Dataline 85 Console
File,Dataline 86 File
Console,Dataline 87 Console
File,Dataline 88 File
Console,Dataline 89 Console
File,Dataline 90 File
File,Dataline 91 File
File,Dataline 92 File
Console,Dataline 93 Console
Console,Dataline 94 Console
Console,Dataline 95 Console
Console,Dataline 96 Console
Console,Dataline 97 Console
Console,Dataline 98 Console
Console,Dataline 99 Console
File,Dataline 100 File
File,Dataline 101 File
File,Dataline 102 File
Console,Dataline 103 Console
File,Dataline 104 File
Console,Dataline 105 Console
Console,Dataline 106 Console
Console,Dataline 107 Console
File,Dataline 108 File
File,Dataline 109 File
Console,Dataline 110 Console
File,Dataline 111 File
Console,Dataline 112 Console
File,Dataline 113 File
Console,Dataline 114 Console
Console,Dataline 115 Console
Console,Dataline 116 Console
File,Dataline 117 File
File,Dataline 118 File
Console,Dataline 119 Console
File,Dataline 120 File
File,Dataline 121 File
Console,Dataline 122 Console
File,Dataline 123 File
Console,Dataline 124 Console
Console,Dataline 125 Console
File,Dataline 126 File
File,Dataline 127 File
Console,Dataline 128 Console
Console,Dataline 129 Console
Console,Dataline 130 Console
File,Dataline 131 File
Console,Dataline 132 Console
File,Dataline 133 File
File,Dataline 134 File
Console,Dataline 135 Console
File,Dataline 136 File
File,Dataline 137 File
File,Dataline 138 File
File,Dataline 139 File
File,Dataline 140 File
File,Dataline 141 File
Console,Dataline 142 Console
File,Dataline 143 File
File,Dataline 144 File
Console,Dataline 145 Console
Console,Dataline 146 Console
File,Dataline 147 File
Console,Dataline 148 Console
File,Dataline 149 File
File,Dataline 150 File
File,Dataline 151 File
File,Dataline 152 File
Console,Dataline 153 Console
Console,Dataline 154 Console
Console,Dataline 155 Console
Console,Dataline 156 Console
File,Dataline 157 File
Console,Dataline 158 Console
File,Dataline 159 File
Console,Dataline 160 Console
